"","hormone1","hormone2","hormone3","hormone4","hormone5","hormone6","hormone7","hormone8","hormone10_generated"
"hormone1",1,-0.0188374833499334,0.0176006144024576,0.000443809775239101,-0.0335723902895612,-0.0396000624002496,0.0531365005460022,-0.0407778911115644,-0.0331788847155389
"hormone2",-0.0188374833499334,1,0.00926701306805227,-0.0220972723890896,0.00279178716714867,0.00508475633902536,0.0255883263533054,-0.0345207780831123,0.0868604754419018
"hormone3",0.0176006144024576,0.00926701306805227,1,-0.0369678278713115,-0.101469813879256,0.0351650366601466,0.00846137784551138,-0.0353485893943576,0.0267138348553394
"hormone4",0.000443809775239101,-0.0220972723890896,-0.0369678278713115,1,0.0012059568238273,0.066125928503714,-0.0156385585542342,0.108611378445514,0.0133537494149977
"hormone5",-0.0335723902895612,0.00279178716714867,-0.101469813879256,0.0012059568238273,1,0.0133822615290461,-0.0272553730214921,0.0442105768423074,0.00885440341761367
"hormone6",-0.0396000624002496,0.00508475633902536,0.0351650366601466,0.066125928503714,0.0133822615290461,1,-0.0599769119076476,-0.00386075144300577,-0.0696637346549386
"hormone7",0.0531365005460022,0.0255883263533054,0.00846137784551138,-0.0156385585542342,-0.0272553730214921,-0.0599769119076476,1,-0.00783535934143737,0.0514134856539426
"hormone8",-0.0407778911115644,-0.0345207780831123,-0.0353485893943576,0.108611378445514,0.0442105768423074,-0.00386075144300577,-0.00783535934143737,1,0.0248929955719823
"hormone10_generated",-0.0331788847155389,0.0868604754419018,0.0267138348553394,0.0133537494149977,0.00885440341761367,-0.0696637346549386,0.0514134856539426,0.0248929955719823,1
