"Model","AIC","BIC"
"model_logit_h1",933.479697356498,943.571250510257
"model_logit_h2",936.256089853292,951.39341958393
"model_logit_hall",944.623332962152,995.081098730947
