"model","BIC_value"
"model_h_exp",1526.91302095937
"model_h_3",5622.15126412442
"model_h_linear",5629.71385450503
"model_h_2",5630.31163167476
"model_h_log",72903.5091169198
